term	pseudo_F	R2	p_value
lung_group	3.6926708795075918	0.19754645568364412	0.001
