model	auc
LR_L2_train	0.8666666666666667
LR_L2_test	0.8666666666666667
RF_train	1.0
RF_test	0.9333333333333333
